<?xml version="1.0" encoding="UTF-8"?>
<GenRun Id="synth_1" LaunchPart="xc7a35tftg256-1" LaunchTime="1650105341">
  <File Type="PA-TCL" Name="au_top_0.tcl"/>
  <File Type="RDS-PROPCONSTRS" Name="au_top_0_drc_synth.rpt"/>
  <File Type="REPORTS-TCL" Name="au_top_0_reports.tcl"/>
  <File Type="RDS-RDS" Name="au_top_0.vds"/>
  <File Type="RDS-UTIL" Name="au_top_0_utilization_synth.rpt"/>
  <File Type="RDS-UTIL-PB" Name="au_top_0_utilization_synth.pb"/>
  <File Type="RDS-DCP" Name="au_top_0.dcp"/>
  <File Type="VDS-TIMINGSUMMARY" Name="au_top_0_timing_summary_synth.rpt"/>
  <File Type="VDS-TIMING-PB" Name="au_top_0_timing_summary_synth.pb"/>
  <FileSet Name="sources" Type="DesignSrcs" RelSrcDir="$PSRCDIR/sources_1" RelGenDir="$PGENDIR/sources_1">
    <Filter Type="Srcs"/>
    <File Path="$PSRCDIR/sources_1/imports/verilog/adder_16_9.v">
      <FileInfo>
        <Attr Name="ImportPath" Val="$PPRDIR/../../verilog/adder_16_9.v"/>
        <Attr Name="ImportTime" Val="1650105327"/>
        <Attr Name="UsedIn" Val="synthesis"/>
        <Attr Name="UsedIn" Val="implementation"/>
        <Attr Name="UsedIn" Val="simulation"/>
      </FileInfo>
    </File>
    <File Path="$PSRCDIR/sources_1/imports/verilog/alu_16_6.v">
      <FileInfo>
        <Attr Name="ImportPath" Val="$PPRDIR/../../verilog/alu_16_6.v"/>
        <Attr Name="ImportTime" Val="1650105327"/>
        <Attr Name="UsedIn" Val="synthesis"/>
        <Attr Name="UsedIn" Val="implementation"/>
        <Attr Name="UsedIn" Val="simulation"/>
      </FileInfo>
    </File>
    <File Path="$PSRCDIR/sources_1/imports/verilog/boolean_16_10.v">
      <FileInfo>
        <Attr Name="ImportPath" Val="$PPRDIR/../../verilog/boolean_16_10.v"/>
        <Attr Name="ImportTime" Val="1650105327"/>
        <Attr Name="UsedIn" Val="synthesis"/>
        <Attr Name="UsedIn" Val="implementation"/>
        <Attr Name="UsedIn" Val="simulation"/>
      </FileInfo>
    </File>
    <File Path="$PSRCDIR/sources_1/imports/verilog/button_conditioner_5.v">
      <FileInfo>
        <Attr Name="ImportPath" Val="$PPRDIR/../../verilog/button_conditioner_5.v"/>
        <Attr Name="ImportTime" Val="1650105327"/>
        <Attr Name="UsedIn" Val="synthesis"/>
        <Attr Name="UsedIn" Val="implementation"/>
        <Attr Name="UsedIn" Val="simulation"/>
      </FileInfo>
    </File>
    <File Path="$PSRCDIR/sources_1/imports/verilog/compare_16_12.v">
      <FileInfo>
        <Attr Name="ImportPath" Val="$PPRDIR/../../verilog/compare_16_12.v"/>
        <Attr Name="ImportTime" Val="1650105327"/>
        <Attr Name="UsedIn" Val="synthesis"/>
        <Attr Name="UsedIn" Val="implementation"/>
        <Attr Name="UsedIn" Val="simulation"/>
      </FileInfo>
    </File>
    <File Path="$PSRCDIR/sources_1/imports/verilog/counter_14.v">
      <FileInfo>
        <Attr Name="ImportPath" Val="$PPRDIR/../../verilog/counter_14.v"/>
        <Attr Name="ImportTime" Val="1650105327"/>
        <Attr Name="UsedIn" Val="synthesis"/>
        <Attr Name="UsedIn" Val="implementation"/>
        <Attr Name="UsedIn" Val="simulation"/>
      </FileInfo>
    </File>
    <File Path="$PSRCDIR/sources_1/imports/verilog/dice_7.v">
      <FileInfo>
        <Attr Name="ImportPath" Val="$PPRDIR/../../verilog/dice_7.v"/>
        <Attr Name="ImportTime" Val="1650105327"/>
        <Attr Name="UsedIn" Val="synthesis"/>
        <Attr Name="UsedIn" Val="implementation"/>
        <Attr Name="UsedIn" Val="simulation"/>
      </FileInfo>
    </File>
    <File Path="$PSRCDIR/sources_1/imports/verilog/dice_seg_3.v">
      <FileInfo>
        <Attr Name="ImportPath" Val="$PPRDIR/../../verilog/dice_seg_3.v"/>
        <Attr Name="ImportTime" Val="1650105327"/>
        <Attr Name="UsedIn" Val="synthesis"/>
        <Attr Name="UsedIn" Val="implementation"/>
        <Attr Name="UsedIn" Val="simulation"/>
      </FileInfo>
    </File>
    <File Path="$PSRCDIR/sources_1/imports/verilog/edge_detector_13.v">
      <FileInfo>
        <Attr Name="ImportPath" Val="$PPRDIR/../../verilog/edge_detector_13.v"/>
        <Attr Name="ImportTime" Val="1650105327"/>
        <Attr Name="UsedIn" Val="synthesis"/>
        <Attr Name="UsedIn" Val="implementation"/>
        <Attr Name="UsedIn" Val="simulation"/>
      </FileInfo>
    </File>
    <File Path="$PSRCDIR/sources_1/imports/verilog/edge_detector_4.v">
      <FileInfo>
        <Attr Name="ImportPath" Val="$PPRDIR/../../verilog/edge_detector_4.v"/>
        <Attr Name="ImportTime" Val="1650105327"/>
        <Attr Name="UsedIn" Val="synthesis"/>
        <Attr Name="UsedIn" Val="implementation"/>
        <Attr Name="UsedIn" Val="simulation"/>
      </FileInfo>
    </File>
    <File Path="$PSRCDIR/sources_1/imports/verilog/game_CU_2.v">
      <FileInfo>
        <Attr Name="ImportPath" Val="$PPRDIR/../../verilog/game_CU_2.v"/>
        <Attr Name="ImportTime" Val="1650105327"/>
        <Attr Name="UsedIn" Val="synthesis"/>
        <Attr Name="UsedIn" Val="implementation"/>
        <Attr Name="UsedIn" Val="simulation"/>
      </FileInfo>
    </File>
    <File Path="$PSRCDIR/sources_1/imports/verilog/pipeline_8.v">
      <FileInfo>
        <Attr Name="ImportPath" Val="$PPRDIR/../../verilog/pipeline_8.v"/>
        <Attr Name="ImportTime" Val="1650105327"/>
        <Attr Name="UsedIn" Val="synthesis"/>
        <Attr Name="UsedIn" Val="implementation"/>
        <Attr Name="UsedIn" Val="simulation"/>
      </FileInfo>
    </File>
    <File Path="$PSRCDIR/sources_1/imports/verilog/pn_gen_15.v">
      <FileInfo>
        <Attr Name="ImportPath" Val="$PPRDIR/../../verilog/pn_gen_15.v"/>
        <Attr Name="ImportTime" Val="1650105327"/>
        <Attr Name="UsedIn" Val="synthesis"/>
        <Attr Name="UsedIn" Val="implementation"/>
        <Attr Name="UsedIn" Val="simulation"/>
      </FileInfo>
    </File>
    <File Path="$PSRCDIR/sources_1/imports/verilog/reset_conditioner_1.v">
      <FileInfo>
        <Attr Name="ImportPath" Val="$PPRDIR/../../verilog/reset_conditioner_1.v"/>
        <Attr Name="ImportTime" Val="1650105327"/>
        <Attr Name="UsedIn" Val="synthesis"/>
        <Attr Name="UsedIn" Val="implementation"/>
        <Attr Name="UsedIn" Val="simulation"/>
      </FileInfo>
    </File>
    <File Path="$PSRCDIR/sources_1/imports/verilog/shifter_16_11.v">
      <FileInfo>
        <Attr Name="ImportPath" Val="$PPRDIR/../../verilog/shifter_16_11.v"/>
        <Attr Name="ImportTime" Val="1650105327"/>
        <Attr Name="UsedIn" Val="synthesis"/>
        <Attr Name="UsedIn" Val="implementation"/>
        <Attr Name="UsedIn" Val="simulation"/>
      </FileInfo>
    </File>
    <File Path="$PSRCDIR/sources_1/imports/verilog/au_top_0.v">
      <FileInfo>
        <Attr Name="ImportPath" Val="$PPRDIR/../../verilog/au_top_0.v"/>
        <Attr Name="ImportTime" Val="1650105327"/>
        <Attr Name="UsedIn" Val="synthesis"/>
        <Attr Name="UsedIn" Val="implementation"/>
        <Attr Name="UsedIn" Val="simulation"/>
      </FileInfo>
    </File>
    <Config>
      <Option Name="DesignMode" Val="RTL"/>
      <Option Name="TopModule" Val="au_top_0"/>
      <Option Name="TopAutoSet" Val="TRUE"/>
    </Config>
  </FileSet>
  <FileSet Name="constrs_in" Type="Constrs" RelSrcDir="$PSRCDIR/constrs_1">
    <Filter Type="Constrs"/>
    <File Path="$PPRDIR/../../../../../../../Downloads/Apps/library/components/au.xdc">
      <FileInfo>
        <Attr Name="UsedIn" Val="synthesis"/>
        <Attr Name="UsedIn" Val="implementation"/>
      </FileInfo>
    </File>
    <File Path="$PPRDIR/../../constraint/custom.xdc">
      <FileInfo>
        <Attr Name="UsedIn" Val="synthesis"/>
        <Attr Name="UsedIn" Val="implementation"/>
      </FileInfo>
    </File>
    <Config>
      <Option Name="ConstrsType" Val="XDC"/>
    </Config>
  </FileSet>
  <FileSet Name="utils" Type="Utils" RelSrcDir="$PSRCDIR/utils_1">
    <Filter Type="Utils"/>
    <Config>
      <Option Name="TopAutoSet" Val="TRUE"/>
    </Config>
  </FileSet>
  <Strategy Version="1" Minor="2">
    <StratHandle Name="Vivado Synthesis Defaults" Flow="Vivado Synthesis 2021">
      <Desc>Vivado Synthesis Defaults</Desc>
    </StratHandle>
    <Step Id="synth_design"/>
  </Strategy>
</GenRun>
